Publisher	date	COLLEGE	COMEDY	CRIME	CULTUREARTS	DIVORCE	EDUCATION	ENTERTAINMENT	ENVIRONMENT	FOODDRINK	HOMELIVING	MEDIA	MONEY	PARENTING	POLITICS	QUEERVOICES	RELIGION	SCIENCE	SPORTS	STYLEBEAUTY	TECH	TRAVEL	WEDDINGS	WELLNESS	WOMEN	WORLDPOST
Reuters	20160101	1	2	13	32		5	20	160		3	28	513	1	48	3	4	6	123	4	99	31	1	35	1	253
The New York Times	20160101	5	33	13	140	2	12	39	37	6	5	21	39	2	103	3	6	9	80	9	15	18	7	12	6	122
People	20160101	1	5	20	22	11	3	85	19		4	1	3	17	12	2		2	2	32	2	2	15	8	4	8
CNBC	20160101	1			11	1		6	17			1	87		5			1	1		29	3		4	1	51
Vice	20160101	2	5	3	136	1	4	31	17	7	2		4	1	15	2	3	7	25	3	20	4	1	13	4	19
The Hill	20160101	2	1		11		2	4	29			48	23		150	1	1		2		17	5	1	4		27
CNN	20160101	2		2	17		6	15	14			2	2	1	68	1	3		2	2	3	2		6		48
Mashable	20160101		4	3	42	1		42	39	4	2		11	9	12			4	11	15	57	17	2	10	5	18
Reuters	20160101	1	2	13	32		5	20	160		3	28	513	1	48	3	4	6	123	4	99	31	1	35	1	253
The New York Times	20160101	5	33	13	140	2	12	39	37	6	5	21	39	2	103	3	6	9	80	9	15	18	7	12	6	122
People	20160101	1	5	20	22	11	3	85	19		4	1	3	17	12	2		2	2	32	2	2	15	8	4	8
CNBC	20160101	1			11	1		6	17			1	87		5			1	1		29	3		4	1	51
Vice	20160101	2	5	3	136	1	4	31	17	7	2		4	1	15	2	3	7	25	3	20	4	1	13	4	19
The Hill	20160101	2	1		11		2	4	29			48	23		150	1	1		2		17	5	1	4		27
CNN	20160101	2		2	17		6	15	14			2	2	1	68	1	3		2	2	3	2		6		48
Mashable	20160101		4	3	42	1		42	39	4	2		11	9	12			4	11	15	57	17	2	10	5	18
Reuters	20160201	2	3	18	32	1	3	26	156	2		36	629		48	2	2	5	102	4	86	31	4	39	1	253
The New York Times	20160201	10	46	8	123	2	12	39	37	8	6	20	39	3	168	4	8	7	60	21	19	17	4	20	8	99
People	20160201	1	3	14	27	8	3	90	10	1	1	1	2	10	11	9	1		3	61	1	5	19	12	3	7
CNBC	20160201				6		2	5	16			3	80		18		1		2	1	38	5		7		41
Vice	20160201	2	3	3	139	1	2	39	13	8	2	2	6	1	12	3	2	8	23	4	22	8	1	10	4	16
The Hill	20160201	2	1	1	10		6	1	38			49	28		186		2		1		29	6	1	8		16
CNN	20160201	2	1	7	11		5	9	12			5		4	67	2	3	2	2	2	4	3	1	2		28
Mashable	20160201	1	16		62	1	4	54	28	6	3	1	10	8	18	3	2	4	6	23	41	16	1	10	3	22
Reuters	20160201	2	3	18	32	1	3	26	156	2		36	629		48	2	2	5	102	4	86	31	4	39	1	253
The New York Times	20160201	10	46	8	123	2	12	39	37	8	6	20	39	3	168	4	8	7	60	21	19	17	4	20	8	99
People	20160201	1	3	14	27	8	3	90	10	1	1	1	2	10	11	9	1		3	61	1	5	19	12	3	7
CNBC	20160201				6		2	5	16			3	80		18		1		2	1	38	5		7		41
Vice	20160201	2	3	3	139	1	2	39	13	8	2	2	6	1	12	3	2	8	23	4	22	8	1	10	4	16
The Hill	20160201	2	1	1	10		6	1	38			49	28		186		2		1		29	6	1	8		16
CNN	20160201	2	1	7	11		5	9	12			5		4	67	2	3	2	2	2	4	3	1	2		28
Mashable	20160201	1	16		62	1	4	54	28	6	3	1	10	8	18	3	2	4	6	23	41	16	1	10	3	22
Reuters	20160301	3	4	17	31		3	12	154		1	49	663	6	47	2		3	108	6	104	38	10	44	3	282
The New York Times	20160301	7	32	14	130	2	17	33	32	7	13	23	32	5	113	5	3	8	65	16	27	22	4	23	9	108
People	20160301	1	7	19	34	11	4	82	19	2	1	2	1	17	15	2	2	4	1	39	2	1	16	10	10	10
CNBC	20160301	3	2	1	14			7	16		2	8	85		13			2			30	11	1	2	1	51
Vice	20160301	1	3	6	122	1	4	42	18	9	1	2	7	1	12	6	3	4	38	5	16	8	1	15	7	23
The Hill	20160301	1			14		3	1	27			53	19		197	2			2		33	1		5		31
CNN	20160301	1	2	4	11	1	2	9	11			5		2	70	1		4	2		3	6	1	6	2	41
Mashable	20160301	1	12		51		2	44	27	3		3	5	9	21	3	2	1	5	7	51	17	4	7	4	24
Reuters	20160301	3	4	17	31		3	12	154		1	49	663	6	47	2		3	108	6	104	38	10	44	3	282
The New York Times	20160301	7	32	14	130	2	17	33	32	7	13	23	32	5	113	5	3	8	65	16	27	22	4	23	9	108
People	20160301	1	7	19	34	11	4	82	19	2	1	2	1	17	15	2	2	4	1	39	2	1	16	10	10	10
CNBC	20160301	3	2	1	14			7	16		2	8	85		13			2			30	11	1	2	1	51
Vice	20160301	1	3	6	122	1	4	42	18	9	1	2	7	1	12	6	3	4	38	5	16	8	1	15	7	23
The Hill	20160301	1			14		3	1	27			53	19		197	2			2		33	1		5		31
CNN	20160301	1	2	4	11	1	2	9	11			5		2	70	1		4	2		3	6	1	6	2	41
Mashable	20160301	1	12		51		2	44	27	3		3	5	9	21	3	2	1	5	7	51	17	4	7	4	24
Reuters	20160401	1	6	6	29	2	6	25	156	1		30	791	2	43	6	4	7	121	3	101	24	2	45		264
The New York Times	20160401	9	13	17	143		13	26	41	6	8	10	44	3	87	5	5	7	72	9	20	12	6	13	2	97
People	20160401		5	19	29	12	2	67	16	1	2	1	1	19	15	2	4	2	3	60	1	8	13	4	7	7
CNBC	20160401	2			4		2	3	27	2	1	3	95		20			2	5	1	40	4		4		46
Vice	20160401		4		121	2	3	49	12	6	2	2	4	2	16	2		7	21	2	25	14		13	5	22
The Hill	20160401		2		18		1	6	33			45	33	1	170		2	1		1	36	8		2		21
CNN	20160401	2		7	8		5	8	13			1	2	2	46	4		1	2		3	4	1	8	2	30
Mashable	20160401	1	18	2	52	2	1	33	28	1	6		3	7	8	5		3	6	9	47	13	4	5	4	16
Reuters	20160401	1	6	6	29	2	6	25	156	1		30	791	2	43	6	4	7	121	3	101	24	2	45		264
The New York Times	20160401	9	13	17	143		13	26	41	6	8	10	44	3	87	5	5	7	72	9	20	12	6	13	2	97
People	20160401		5	19	29	12	2	67	16	1	2	1	1	19	15	2	4	2	3	60	1	8	13	4	7	7
CNBC	20160401	2			4		2	3	27	2	1	3	95		20			2	5	1	40	4		4		46
Vice	20160401		4		121	2	3	49	12	6	2	2	4	2	16	2		7	21	2	25	14		13	5	22
The Hill	20160401		2		18		1	6	33			45	33	1	170		2	1		1	36	8		2		21
CNN	20160401	2		7	8		5	8	13			1	2	2	46	4		1	2		3	4	1	8	2	30
Mashable	20160401	1	18	2	52	2	1	33	28	1	6		3	7	8	5		3	6	9	47	13	4	5	4	16
Reuters	20160501	7	3	13	28	1	3	31	164	3	1	67	881	3	35	5		10	89	7	163	22		45		237
The New York Times	20160501	9	31	9	111	2	6	28	33	8	11	13	32	3	74	5	7	10	53	8	24	17	13	10	7	99
People	20160501	1	8	12	25	14	6	63	13	2	1	4		17	11			1	1	49	5	4	20	13	4	9
CNBC	20160501	3	2		9		4	7	17	2	1	4	90		14	1		1	1		52	3		2		44
Vice	20160501	1	6	4	136		4	39	22	8	3		4	4	13	6	1	7	24	6	15	4		15	7	26
The Hill	20160501	3		1	10		5	1	30			24	29		199	3		1	1		27	6		3		18
CNN	20160501	4		6	9		4	10	14		1	1	2	1	56	3	1	5			3	5		9	1	34
Mashable	20160501	4	16	1	39		5	38	17	1	1	1	8	4	6	1	1	5	1	15	41	14	1	4	2	14
Reuters	20160501	7	3	13	28	1	3	31	164	3	1	67	881	3	35	5		10	89	7	163	22		45		237
The New York Times	20160501	9	31	9	111	2	6	28	33	8	11	13	32	3	74	5	7	10	53	8	24	17	13	10	7	99
People	20160501	1	8	12	25	14	6	63	13	2	1	4		17	11			1	1	49	5	4	20	13	4	9
CNBC	20160501	3	2		9		4	7	17	2	1	4	90		14	1		1	1		52	3		2		44
Vice	20160501	1	6	4	136		4	39	22	8	3		4	4	13	6	1	7	24	6	15	4		15	7	26
The Hill	20160501	3		1	10		5	1	30			24	29		199	3		1	1		27	6		3		18
CNN	20160501	4		6	9		4	10	14		1	1	2	1	56	3	1	5			3	5		9	1	34
Mashable	20160501	4	16	1	39		5	38	17	1	1	1	8	4	6	1	1	5	1	15	41	14	1	4	2	14
Reuters	20160601	2	4	9	27	6	3	21	181	3	2	49	752	2	45	12	2	9	109	8	164	33	3	46		275
The New York Times	20160601	5	19	12	125	1	12	24	25	7	9	7	18	5	84	20	8	10	45	12	19	16	13	11	10	96
People	20160601	2	1	18	32	18	4	58	15	4	5			14	17	14	5		6	46	1	4	19	8	9	6
CNBC	20160601		4		8		3	5	23	1		1	101		22	2		3	2	3	42	3		8		58
Vice	20160601	5	2	2	133	1	3	33	24	8	2	1	1	2	13	8	1	12	21	4	23	10		8	2	26
The Hill	20160601	1	1	2	13		2	1	41		1	30	28		194	8			2		34	3		4		22
CNN	20160601	1		8	14	1	1	12	14			1	2	5	55	2	1	5	1		3	1		6	1	35
Mashable	20160601	2	16	1	43			34	23	2	3	4	7	6	5	3		8	7	11	60	8	1	2	2	13
Reuters	20160601	2	4	9	27	6	3	21	181	3	2	49	752	2	45	12	2	9	109	8	164	33	3	46		275
The New York Times	20160601	5	19	12	125	1	12	24	25	7	9	7	18	5	84	20	8	10	45	12	19	16	13	11	10	96
People	20160601	2	1	18	32	18	4	58	15	4	5			14	17	14	5		6	46	1	4	19	8	9	6
CNBC	20160601		4		8		3	5	23	1		1	101		22	2		3	2	3	42	3		8		58
Vice	20160601	5	2	2	133	1	3	33	24	8	2	1	1	2	13	8	1	12	21	4	23	10		8	2	26
The Hill	20160601	1	1	2	13		2	1	41		1	30	28		194	8			2		34	3		4		22
CNN	20160601	1		8	14	1	1	12	14			1	2	5	55	2	1	5	1		3	1		6	1	35
Mashable	20160601	2	16	1	43			34	23	2	3	4	7	6	5	3		8	7	11	60	8	1	2	2	13
Reuters	20160701	1	7	12	28	6	5	21	160	2	1	55	788	3	42	8	1	12	133	9	155	36		60		265
The New York Times	20160701	4	8	9	110	1	6	34	24	7	6	11	20	3	97	2	5	4	33	3	23	12	7	10	6	95
People	20160701	1	1	10	25	13	3	57	14	8	3	1	1	16	24	7	1		2	34	3	3	13	17	10	5
CNBC	20160701		4	1	6		1	7	15	1	2	4	95		36			2		1	57	3		9	1	55
Vice	20160701	1	6	1	139		2	39	13	6	2	4	4	1	15	3		12	31	4	23	8		15	3	22
The Hill	20160701	2	3	2	9		5	1	23		1	38	25		183	2	1				30	2		4		30
CNN	20160701		2	2	8	3	1	9	10				3	2	83	1	1	6	1		2	4	1	9	2	27
Mashable	20160701		14	1	53		1	36	9	4	3	1	4	2	14	2	1	3	3	8	30	13	6	5	1	11
Reuters	20160701	1	7	12	28	6	5	21	160	2	1	55	788	3	42	8	1	12	133	9	155	36		60		265
The New York Times	20160701	4	8	9	110	1	6	34	24	7	6	11	20	3	97	2	5	4	33	3	23	12	7	10	6	95
People	20160701	1	1	10	25	13	3	57	14	8	3	1	1	16	24	7	1		2	34	3	3	13	17	10	5
CNBC	20160701		4	1	6		1	7	15	1	2	4	95		36			2		1	57	3		9	1	55
Vice	20160701	1	6	1	139		2	39	13	6	2	4	4	1	15	3		12	31	4	23	8		15	3	22
The Hill	20160701	2	3	2	9		5	1	23		1	38	25		183	2	1				30	2		4		30
CNN	20160701		2	2	8	3	1	9	10				3	2	83	1	1	6	1		2	4	1	9	2	27
Mashable	20160701		14	1	53		1	36	9	4	3	1	4	2	14	2	1	3	3	8	30	13	6	5	1	11
Reuters	20160801	19	19	15	30	12	8	30	175	1		46	840	3	46	8	1	20	206	5	161	39	2	74	38	187
The New York Times	20160801	2	4	9	90		13	25	36	7	5	6	16	7	63	1	7	4	38	7	14	14	7	12	4	72
People	20160801		3	8	20	10	3	64	15	8	6		1	15	13	4	1		22	47		10	21	18	6	7
CNBC	20160801				9	1		6	18			1	80		25				3	1	40	4		5		55
Vice	20160801		8	3	126		2	34	15	7	1		6		6	4		7	25	2	25	6	1	16	5	22
The Hill	20160801	1	1	1	16		2	5	29			51	22	1	199	1	2		1		25	4		6		20
CNN	20160801	2		2	12	2	8	11	12			1	1	3	66	2	1	4	2	1	2	3		5	1	35
Mashable	20160801	2	17	1	32		2	31	19	1	6	3	4	4	7	1	1	5	13	7	50	15	5	3	3	14
Reuters	20160801	19	19	15	30	12	8	30	175	1		46	840	3	46	8	1	20	206	5	161	39	2	74	38	187
The New York Times	20160801	2	4	9	90		13	25	36	7	5	6	16	7	63	1	7	4	38	7	14	14	7	12	4	72
People	20160801		3	8	20	10	3	64	15	8	6		1	15	13	4	1		22	47		10	21	18	6	7
CNBC	20160801				9	1		6	18			1	80		25				3	1	40	4		5		55
Vice	20160801		8	3	126		2	34	15	7	1		6		6	4		7	25	2	25	6	1	16	5	22
The Hill	20160801	1	1	1	16		2	5	29			51	22	1	199	1	2		1		25	4		6		20
CNN	20160801	2		2	12	2	8	11	12			1	1	3	66	2	1	4	2	1	2	3		5	1	35
Mashable	20160801	2	17	1	32		2	31	19	1	6	3	4	4	7	1	1	5	13	7	50	15	5	3	3	14
Reuters	20160901	3		6	35	1	6	34	170	1	1	44	640	4	41	4	3	9	144	6	157	22	3	49		286
The New York Times	20160901	3	4	3	131	1	13	24	35	13	7	7	28	5	68	6	2	8	29	16	22	18	13	10	4	74
People	20160901	1	2	19	23	18	7	56	24	4	4	3	1	14	23	10	1	1	3	55	1	4	12	11	8	9
CNBC	20160901	2		1	7		2	7	24	1	1	5	89		27			2	5		53	5	1	5		36
Vice	20160901	3	4	2	112	1	2	40	17	9	3		6	4	15	7		10	25	7	28	6	2	19	4	20
The Hill	20160901	1	1	2	17		1	6	40		2	36	29		209	1	1		2		28	5		6	1	32
CNN	20160901	1	1	6	10		6	10	16				2	1	78	4	2	4			4	1	1	7		41
Mashable	20160901		10	1	43	2	1	23	27	3	3	1	5	7	8	2	1		11	14	59	4	3	3	1	8
Reuters	20160901	3		6	35	1	6	34	170	1	1	44	640	4	41	4	3	9	144	6	157	22	3	49		286
The New York Times	20160901	3	4	3	131	1	13	24	35	13	7	7	28	5	68	6	2	8	29	16	22	18	13	10	4	74
People	20160901	1	2	19	23	18	7	56	24	4	4	3	1	14	23	10	1	1	3	55	1	4	12	11	8	9
CNBC	20160901	2		1	7		2	7	24	1	1	5	89		27			2	5		53	5	1	5		36
Vice	20160901	3	4	2	112	1	2	40	17	9	3		6	4	15	7		10	25	7	28	6	2	19	4	20
The Hill	20160901	1	1	2	17		1	6	40		2	36	29		209	1	1		2		28	5		6	1	32
CNN	20160901	1	1	6	10		6	10	16				2	1	78	4	2	4			4	1	1	7		41
Mashable	20160901		10	1	43	2	1	23	27	3	3	1	5	7	8	2	1		11	14	59	4	3	3	1	8
Reuters	20161001	3		6	24	3	4	24	167	2	3	38	856	2	35	1		10	89	11	229	38	1	41		266
The New York Times	20161001	4	1	2	120	6	10	28	32	8	10	4	27	7	92	6	2	9	33	11	29	11	11	12	6	93
People	20161001		5	15	36	16	3	96	18	9	3		3	26	23	7			4	50	4	13	19	23	10	2
CNBC	20161001	1			5			10	11	2	2	3	118	1	36				2	2	60	4		4	1	46
Vice	20161001	1	1	2	133	1	7	33	12	12	2	4	5	4	13	2	1	10	38	4	23	5	1	9	6	13
The Hill	20161001	1		1	11		3	6	34			46	38	1	244		3		1		27	4	1	5		27
CNN	20161001	1	3	1	13		2	10	23			4	2	6	82	4	1	5	2	2	4		1	12	7	42
Mashable	20161001	1	20		52	2		34	18	2		2	3	4	20			5	15	9	58	7	2	6	3	9
Reuters	20161001	3		6	24	3	4	24	167	2	3	38	856	2	35	1		10	89	11	229	38	1	41		266
The New York Times	20161001	4	1	2	120	6	10	28	32	8	10	4	27	7	92	6	2	9	33	11	29	11	11	12	6	93
People	20161001		5	15	36	16	3	96	18	9	3		3	26	23	7			4	50	4	13	19	23	10	2
CNBC	20161001	1			5			10	11	2	2	3	118	1	36				2	2	60	4		4	1	46
Vice	20161001	1	1	2	133	1	7	33	12	12	2	4	5	4	13	2	1	10	38	4	23	5	1	9	6	13
The Hill	20161001	1		1	11		3	6	34			46	38	1	244		3		1		27	4	1	5		27
CNN	20161001	1	3	1	13		2	10	23			4	2	6	82	4	1	5	2	2	4		1	12	7	42
Mashable	20161001	1	20		52	2		34	18	2		2	3	4	20			5	15	9	58	7	2	6	3	9
Reuters	20161101	4	1	6	29	1	2	41	183	1	4	29	1014	1	66	4	2	11	116	3	206	36	4	48	1	250
The New York Times	20161101	5	2	4	102		13	23	35	8	10	14	21	2	104	1	6	9	32	8	24	12	2	10	3	78
People	20161101		2	16	40	13	3	56	21	1	14		4	21	29	2	3	1	3	29	2	6	10	21	6	7
CNBC	20161101			1	10		2	7	17	2		4	99	1	42				1	5	39	7		2	1	54
Vice	20161101	1	1		98		7	32	21	16	2		3	3	23	8	1	5	27		17	11		15	7	15
The Hill	20161101	2	3		13		5	2	30			37	23		209	1	2		1		25	3		6		28
CNN	20161101		1		7		5	13	11		1	1		3	76	1	3	2		1	3	2	1	8	3	46
Mashable	20161101	1	13		40		3	30	12	2		2	8	3	26		1	4	9	9	58	7		3		14
Reuters	20161101	4	1	6	29	1	2	41	183	1	4	29	1014	1	66	4	2	11	116	3	206	36	4	48	1	250
The New York Times	20161101	5	2	4	102		13	23	35	8	10	14	21	2	104	1	6	9	32	8	24	12	2	10	3	78
People	20161101		2	16	40	13	3	56	21	1	14		4	21	29	2	3	1	3	29	2	6	10	21	6	7
CNBC	20161101			1	10		2	7	17	2		4	99	1	42				1	5	39	7		2	1	54
Vice	20161101	1	1		98		7	32	21	16	2		3	3	23	8	1	5	27		17	11		15	7	15
The Hill	20161101	2	3		13		5	2	30			37	23		209	1	2		1		25	3		6		28
CNN	20161101		1		7		5	13	11		1	1		3	76	1	3	2		1	3	2	1	8	3	46
Mashable	20161101	1	13		40		3	30	12	2		2	8	3	26		1	4	9	9	58	7		3		14
Reuters	20161201	6	1	11	23	1	2	28	172	2	1	39	729	3	30	2	3	8	76	5	168	24	1	40	3	243
The New York Times	20161201	3	3	3	123		9	18	29	8	10	8	16	2	56	1	4	7	31	5	28	12	3	13	6	95
People	20161201		3	12	29	9	3	67	21	3	6	1	1	14	9	1		2	4	33	4	8	9	15	4	7
CNBC	20161201	1	1		10		2	9	14	1	1	2	86		28		1		1	2	41	4		2		58
Vice	20161201	2	1	2	106	1	1	34	8	12	4	1	4		6	5	1	6	29	6	24	4		13	3	12
The Hill	20161201	3	6		11		3	8	21			32	25		178	2	3				21	3		7		54
CNN	20161201	1		4	19		6	12	13			3			47	5			1		1	1		9	2	42
Mashable	20161201		12		43	1	2	29	12	4	6		9	3	7	1		4	9	10	47	8	2	2	5	9
Reuters	20161201	6	1	11	23	1	2	28	172	2	1	39	729	3	30	2	3	8	76	5	168	24	1	40	3	243
The New York Times	20161201	3	3	3	123		9	18	29	8	10	8	16	2	56	1	4	7	31	5	28	12	3	13	6	95
People	20161201		3	12	29	9	3	67	21	3	6	1	1	14	9	1		2	4	33	4	8	9	15	4	7
CNBC	20161201	1	1		10		2	9	14	1	1	2	86		28		1		1	2	41	4		2		58
Vice	20161201	2	1	2	106	1	1	34	8	12	4	1	4		6	5	1	6	29	6	24	4		13	3	12
The Hill	20161201	3	6		11		3	8	21			32	25		178	2	3				21	3		7		54
CNN	20161201	1		4	19		6	12	13			3			47	5			1		1	1		9	2	42
Mashable	20161201		12		43	1	2	29	12	4	6		9	3	7	1		4	9	10	47	8	2	2	5	9
Reuters	20170101	2	4	5	26	1	4	24	167	4	4	36	737	3	68	3	5	8	97	6	201	17	4	32	1	268
The New York Times	20170101		4	4	103		10	29	18	12	9	5	18	4	93	2	5	4	34	7	22	17	8	9	11	75
People	20170101		2	13	30	10	3	76	20	4	10	2	2	27	19	9	2	1	3	44	5	7	19	11	6	12
CNBC	20170101	2			8	1	2	13	26	2		3	99		39	1		3	2	1	39	3		4	3	75
Vice	20170101	1	1	1	123	1	4	32	17	8	1		7		17	13		4	32	2	12	6		21	7	19
The Hill	20170101		3		9		10	7	37			42	27	1	222	2	2				31	5	2	4	1	26
CNN	20170101		2	5	13		1	16	11			1	1	4	69	2	2		2	2	5	4		8	1	45
Mashable	20170101		13		48	1	2	37	26	1	2	5	7	4	11	4		5	5	8	56	10	2	5	4	24
Reuters	20170101	2	4	5	26	1	4	24	167	4	4	36	737	3	68	3	5	8	97	6	201	17	4	32	1	268
The New York Times	20170101		4	4	103		10	29	18	12	9	5	18	4	93	2	5	4	34	7	22	17	8	9	11	75
People	20170101		2	13	30	10	3	76	20	4	10	2	2	27	19	9	2	1	3	44	5	7	19	11	6	12
CNBC	20170101	2			8	1	2	13	26	2		3	99		39	1		3	2	1	39	3		4	3	75
Vice	20170101	1	1	1	123	1	4	32	17	8	1		7		17	13		4	32	2	12	6		21	7	19
The Hill	20170101		3		9		10	7	37			42	27	1	222	2	2				31	5	2	4	1	26
CNN	20170101		2	5	13		1	16	11			1	1	4	69	2	2		2	2	5	4		8	1	45
Mashable	20170101		13		48	1	2	37	26	1	2	5	7	4	11	4		5	5	8	56	10	2	5	4	24
Reuters	20170201	2	3	3	23	2	9	22	139		3	42	932	8	63	1		13	84	4	167	30	1	46	1	243
The New York Times	20170201	4	4	4	86	4	21	29	19	13	7	2	18	1	65	10	2	7	25	8	21	12	2	14	3	82
People	20170201		5	13	31	11	3	89	14	3	6	4	5	19	11	9	1		3	58	4	10	16	15	6	5
CNBC	20170201	1	1		11		2	11	26	2		2	91	2	40			2	1	3	61	4			1	59
Vice	20170201	2	2	2	127	1	6	33	10	8	2	1	6	5	8	2		13	17	4	25	6	2	18	3	22
The Hill	20170201	3	3		12		13	7	30			43	27		195	5	1	2	2	1	28	7		4	1	38
CNN	20170201	3	3	2	8		5	17	10		1	2	1	2	59	3	1	3	1	3	2	4	1	4		41
Mashable	20170201	1	13		46		1	25	16	2		3	9	4	8	2		2	8	15	59	9		3	5	9
Reuters	20170201	2	3	3	23	2	9	22	139		3	42	932	8	63	1		13	84	4	167	30	1	46	1	243
The New York Times	20170201	4	4	4	86	4	21	29	19	13	7	2	18	1	65	10	2	7	25	8	21	12	2	14	3	82
People	20170201		5	13	31	11	3	89	14	3	6	4	5	19	11	9	1		3	58	4	10	16	15	6	5
CNBC	20170201	1	1		11		2	11	26	2		2	91	2	40			2	1	3	61	4			1	59
Vice	20170201	2	2	2	127	1	6	33	10	8	2	1	6	5	8	2		13	17	4	25	6	2	18	3	22
The Hill	20170201	3	3		12		13	7	30			43	27		195	5	1	2	2	1	28	7		4	1	38
CNN	20170201	3	3	2	8		5	17	10		1	2	1	2	59	3	1	3	1	3	2	4	1	4		41
Mashable	20170201	1	13		46		1	25	16	2		3	9	4	8	2		2	8	15	59	9		3	5	9
Reuters	20170301	4	3	12	30	1	7	25	212	3	5	58	975	4	67	7	2	4	88	5	216	33	3	41	2	301
The New York Times	20170301	3	7	3	107	2	10	24	40	11	5	1	21	1	78	3	2	6	40	10	25	7	4	19	6	98
People	20170301		1	8	42	18	4	58	14	6	8	1	7	36	14	5			2	46	1	9	25	23	6	6
CNBC	20170301		2		11		4	9	21	1	2	7	106	1	64	1		4	2	2	58	7	1	4	1	69
Vice	20170301		1		123	1	2	40	27	10	1		11	2	17	6		6	23	3	21	6	2	20	4	23
The Hill	20170301	2	2	1	22		9	5	35		2	29	47		221			1			36	9	1	4		28
CNN	20170301	1		5	10	1	2	17	24			2	4		66	3	1				3	5		6	3	38
Mashable	20170301	1	17	1	37	2	4	37	17	3	1	2	9	6	12	3		4	4	12	58	5	3	4	8	10
Reuters	20170301	4	3	12	30	1	7	25	212	3	5	58	975	4	67	7	2	4	88	5	216	33	3	41	2	301
The New York Times	20170301	3	7	3	107	2	10	24	40	11	5	1	21	1	78	3	2	6	40	10	25	7	4	19	6	98
People	20170301		1	8	42	18	4	58	14	6	8	1	7	36	14	5			2	46	1	9	25	23	6	6
CNBC	20170301		2		11		4	9	21	1	2	7	106	1	64	1		4	2	2	58	7	1	4	1	69
Vice	20170301		1		123	1	2	40	27	10	1		11	2	17	6		6	23	3	21	6	2	20	4	23
The Hill	20170301	2	2	1	22		9	5	35		2	29	47		221			1			36	9	1	4		28
CNN	20170301	1		5	10	1	2	17	24			2	4		66	3	1				3	5		6	3	38
Mashable	20170301	1	17	1	37	2	4	37	17	3	1	2	9	6	12	3		4	4	12	58	5	3	4	8	10
Reuters	20170401		4	13	26	3	7	28	148	2	2	58	855	2	54	2	1	9	106	6	173	26	3	35	1	261
The New York Times	20170401	7	1	5	99	1	13	13	23	5	2	5	28	3	50	2	2	2	43	6	15	17	3	9	5	79
People	20170401	3	4	11	49	16	1	68	19	2	6	4	2	23	12	6		1	5	42	4	8	17	16	6	10
CNBC	20170401	2	1		12	1	3	5	18	1		2	108		31				2	1	60	12		5	1	67
Vice	20170401	4	8		115		4	34	24	7	2	2	3	4	17	11	1	7	13	3	14	6	1	21	5	31
The Hill	20170401	1	1		14	1	6	1	35			50	47	1	172		2	4		1	30	10		2	1	58
CNN	20170401	2	2	5	9	3	1	10	15		1	5	2	2	62	3	3	3	1	1	7	7		7		49
Mashable	20170401	1	13	1	40	2	1	39	17	5	2	1	10	1	6	3	1	10	3	11	56	9	1	3	2	7
Reuters	20170401		4	13	26	3	7	28	148	2	2	58	855	2	54	2	1	9	106	6	173	26	3	35	1	261
The New York Times	20170401	7	1	5	99	1	13	13	23	5	2	5	28	3	50	2	2	2	43	6	15	17	3	9	5	79
People	20170401	3	4	11	49	16	1	68	19	2	6	4	2	23	12	6		1	5	42	4	8	17	16	6	10
CNBC	20170401	2	1		12	1	3	5	18	1		2	108		31				2	1	60	12		5	1	67
Vice	20170401	4	8		115		4	34	24	7	2	2	3	4	17	11	1	7	13	3	14	6	1	21	5	31
The Hill	20170401	1	1		14	1	6	1	35			50	47	1	172		2	4		1	30	10		2	1	58
CNN	20170401	2	2	5	9	3	1	10	15		1	5	2	2	62	3	3	3	1	1	7	7		7		49
Mashable	20170401	1	13	1	40	2	1	39	17	5	2	1	10	1	6	3	1	10	3	11	56	9	1	3	2	7
Reuters	20170501	2	8	10	33	1	6	42	193	4	3	80	1058	2	65	4	2	17	120	2	235	39	3	61	1	315
The New York Times	20170501	2	1	8	101		15	19	21	7	11	8	20	3	98	3	5	7	36	5	28	15	8	11	4	82
People	20170501		4	7	33	14		66	18	7	4	2	4	28	18	4			4	57	2	13	21	15	3	6
CNBC	20170501	3	1	2	13		3	6	19			3	124	1	40			1	4	2	80	8	2	10	1	73
Vice	20170501	1	2	2	106		5	31	16	10	4	1	4	4	16	4	2	8	18	3	21	5	1	20	5	21
The Hill	20170501	3	4	2	11		9		48			37	36	1	232	2	2	1	1	1	27	9		5		57
CNN	20170501	1	3	4	22	2	2	9	16			2	6	6	85	2		3			4	1	1	10	2	50
Mashable	20170501	1	9		46	1	2	37	17	3	1	3	7	6	10	2		3	4	11	58	13	3		2	13
Reuters	20170501	2	8	10	33	1	6	42	193	4	3	80	1058	2	65	4	2	17	120	2	235	39	3	61	1	315
The New York Times	20170501	2	1	8	101		15	19	21	7	11	8	20	3	98	3	5	7	36	5	28	15	8	11	4	82
People	20170501		4	7	33	14		66	18	7	4	2	4	28	18	4			4	57	2	13	21	15	3	6
CNBC	20170501	3	1	2	13		3	6	19			3	124	1	40			1	4	2	80	8	2	10	1	73
Vice	20170501	1	2	2	106		5	31	16	10	4	1	4	4	16	4	2	8	18	3	21	5	1	20	5	21
The Hill	20170501	3	4	2	11		9		48			37	36	1	232	2	2	1	1	1	27	9		5		57
CNN	20170501	1	3	4	22	2	2	9	16			2	6	6	85	2		3			4	1	1	10	2	50
Mashable	20170501	1	9		46	1	2	37	17	3	1	3	7	6	10	2		3	4	11	58	13	3		2	13
Reuters	20170601	1	4	10	32	3	3	36	198	4	1	59	763	8	60	8	2	8	95	3	218	41	1	71	2	280
The New York Times	20170601	6	6	5	107	3	12	21	22	7	2	8	21	2	81	5	3	5	28	7	17	12	13	15	2	100
People	20170601			9	37	12	3	66	20	3	1	1	2	27	22	8			7	35	3	6	18	18	5	3
CNBC	20170601	2	1		11		1	9	24	2	1	7	110	2	43			1	1	1	76	5		8		66
Vice	20170601		3	2	123	1	4	43	19	10	5	1	6	3	18	10		9	24	2	22	8		12	2	23
The Hill	20170601		4		13		5	7	30			43	29		211	4	1	1	1		22	7	1	2		45
CNN	20170601	2	3	4	14	2	4	9	16			4	6	3	83	2	3	1	1		6	5		7		47
Mashable	20170601		11		50	1	1	40	27	2	2	4	6	5	8	6		1	11	6	49	5	1	1	2	7
Reuters	20170601	1	4	10	32	3	3	36	198	4	1	59	763	8	60	8	2	8	95	3	218	41	1	71	2	280
The New York Times	20170601	6	6	5	107	3	12	21	22	7	2	8	21	2	81	5	3	5	28	7	17	12	13	15	2	100
People	20170601			9	37	12	3	66	20	3	1	1	2	27	22	8			7	35	3	6	18	18	5	3
CNBC	20170601	2	1		11		1	9	24	2	1	7	110	2	43			1	1	1	76	5		8		66
Vice	20170601		3	2	123	1	4	43	19	10	5	1	6	3	18	10		9	24	2	22	8		12	2	23
The Hill	20170601		4		13		5	7	30			43	29		211	4	1	1	1		22	7	1	2		45
CNN	20170601	2	3	4	14	2	4	9	16			4	6	3	83	2	3	1	1		6	5		7		47
Mashable	20170601		11		50	1	1	40	27	2	2	4	6	5	8	6		1	11	6	49	5	1	1	2	7
Reuters	20170701	2	6	10	32	2	11	41	192	2	5	66	867		57	4		12	71	2	212	38	2	44	2	216
The New York Times	20170701	4	4	6	113	2	7	23	24	6	11	8	12	7	66	7	2	4	29	5	18	9	9	8	7	89
People	20170701		6	10	30	15		62	18	3	2	2	5	23	16	4	1	1	2	29	2	3	14	15	1	6
CNBC	20170701				10	2	3	5	20	2		1	110		28			2			58	5		8	2	62
Vice	20170701		1	2	78		4	34	17	12			5	1	16	7		8	8	2	12	5	1	11	1	13
The Hill	20170701	2	2		15		1	4	32		1	39	24		177	1	1		1		16	11		2	1	44
CNN	20170701	1		7	9	1	7	11	13			3		2	70	1		1				5		2	2	37
Mashable	20170701		7	1	45			26	8	1	3	2	9	5	4	4		7		9	44	9	2	2	3	13
Reuters	20170701	2	6	10	32	2	11	41	192	2	5	66	867		57	4		12	71	2	212	38	2	44	2	216
The New York Times	20170701	4	4	6	113	2	7	23	24	6	11	8	12	7	66	7	2	4	29	5	18	9	9	8	7	89
People	20170701		6	10	30	15		62	18	3	2	2	5	23	16	4	1	1	2	29	2	3	14	15	1	6
CNBC	20170701				10	2	3	5	20	2		1	110		28			2			58	5		8	2	62
Vice	20170701		1	2	78		4	34	17	12			5	1	16	7		8	8	2	12	5	1	11	1	13
The Hill	20170701	2	2		15		1	4	32		1	39	24		177	1	1		1		16	11		2	1	44
CNN	20170701	1		7	9	1	7	11	13			3		2	70	1		1				5		2	2	37
Mashable	20170701		7	1	45			26	8	1	3	2	9	5	4	4		7		9	44	9	2	2	3	13
Reuters	20170801	2	5	8	14	2	7	35	219	6	7	65	967	4	37	4	3	6	67	5	276	25	1	37	1	234
The New York Times	20170801	2	3	2	109	2	16	21	35	10	6	2	13	6	63	2	3	9	24	6	11	8	7	10	3	97
People	20170801		1	10	29	17	6	79	16	9	4	1	4	21	15	2		1	2	38	2	4	15	9	7	7
CNBC	20170801	4		2	9		1	5	35			2	92		40			3	3	3	80	8		1	3	61
Vice	20170801		1		60	1	4	27	11	11		2	3		20	4		2	6	1	14	2		10	2	9
The Hill	20170801	1	2		17	1	6	7	40			28	10	1	184	2	2			1	26	9		3		45
CNN	20170801			1	15		1	9	26			5	3	1	72		5	2	1	1	3	1		6		46
Mashable	20170801	2	9	1	35	1	1	41	27	4		1	6	3	14	3	2	9		3	51	7	3	6	2	12
Reuters	20170801	2	5	8	14	2	7	35	219	6	7	65	967	4	37	4	3	6	67	5	276	25	1	37	1	234
The New York Times	20170801	2	3	2	109	2	16	21	35	10	6	2	13	6	63	2	3	9	24	6	11	8	7	10	3	97
People	20170801		1	10	29	17	6	79	16	9	4	1	4	21	15	2		1	2	38	2	4	15	9	7	7
CNBC	20170801	4		2	9		1	5	35			2	92		40			3	3	3	80	8		1	3	61
Vice	20170801		1		60	1	4	27	11	11		2	3		20	4		2	6	1	14	2		10	2	9
The Hill	20170801	1	2		17	1	6	7	40			28	10	1	184	2	2			1	26	9		3		45
CNN	20170801			1	15		1	9	26			5	3	1	72		5	2	1	1	3	1		6		46
Mashable	20170801	2	9	1	35	1	1	41	27	4		1	6	3	14	3	2	9		3	51	7	3	6	2	12
Reuters	20170901	2	3	2	39	3	5	35	236	2	2	62	675	2	43	6	1	14	83	8	195	24		50	1	292
The New York Times	20170901	8	5	11	105	4	10	19	33	7	5	7	18	5	49	5	1	2	34	14	13	15	11	16	5	76
People	20170901	1	4	19	41	10	7	98	33	6	5		1	28	19	4	1	1	9	48	1	2	16	15	3	5
CNBC	20170901	1			5		2	6	36		2	2	81	1	23			2	5	2	50	8		5	3	69
Vice	20170901	2	1	2	64		7	24	10	14	4		4	1	9	2	2	6	11	1	25	3		12	2	12
The Hill	20170901	4	2	1	21		6	2	64		1	20	35		201	1	2	1	9	1	33	5		3		44
CNN	20170901	2			9	2	2	10	29			2	4	2	69	2	1	1	5	2	3	3		4	3	39
Mashable	20170901		4		40		2	38	25		3		6	6	9	2	1	3	2	11	54	5	4			4
Reuters	20170901	2	3	2	39	3	5	35	236	2	2	62	675	2	43	6	1	14	83	8	195	24		50	1	292
The New York Times	20170901	8	5	11	105	4	10	19	33	7	5	7	18	5	49	5	1	2	34	14	13	15	11	16	5	76
People	20170901	1	4	19	41	10	7	98	33	6	5		1	28	19	4	1	1	9	48	1	2	16	15	3	5
CNBC	20170901	1			5		2	6	36		2	2	81	1	23			2	5	2	50	8		5	3	69
Vice	20170901	2	1	2	64		7	24	10	14	4		4	1	9	2	2	6	11	1	25	3		12	2	12
The Hill	20170901	4	2	1	21		6	2	64		1	20	35		201	1	2	1	9	1	33	5		3		44
CNN	20170901	2			9	2	2	10	29			2	4	2	69	2	1	1	5	2	3	3		4	3	39
Mashable	20170901		4		40		2	38	25		3		6	6	9	2	1	3	2	11	54	5	4			4
Reuters	20171001		3	7	25	1	5	38	202		5	65	818	3	46	6	2	10	86	6	289	27	3	55	4	305
The New York Times	20171001	5	1	7	112	5	11	26	30	7	4	6	23	7	75	5	2	8	22	10	21	10	12	12	16	108
People	20171001			13	43	7	4	77	18	3	4		2	30	13	4	1		1	39	4	6	13	20	18	8
CNBC	20171001	2		2	10		2	10	17	1	5		115		23			3	3		65	12	1	6	1	61
Vice	20171001		1	1	77	3	6	26	15	12		1	5	4	15	6	1	4	11	1	17	4		13	7	18
The Hill	20171001	4	8	2	21	2	12	7	47		1	33	33		199			3	6		29	4		2		43
CNN	20171001	2		2	14	1	4	12	26			4	1		90	3	2	2	1		3	4	1	7	2	38
Mashable	20171001	1	7		38	1	2	36	17	4	4	2	7	1	4	2		2	2	14	57	10	2	2	3	7
Reuters	20171001		3	7	25	1	5	38	202		5	65	818	3	46	6	2	10	86	6	289	27	3	55	4	305
The New York Times	20171001	5	1	7	112	5	11	26	30	7	4	6	23	7	75	5	2	8	22	10	21	10	12	12	16	108
People	20171001			13	43	7	4	77	18	3	4		2	30	13	4	1		1	39	4	6	13	20	18	8
CNBC	20171001	2		2	10		2	10	17	1	5		115		23			3	3		65	12	1	6	1	61
Vice	20171001		1	1	77	3	6	26	15	12		1	5	4	15	6	1	4	11	1	17	4		13	7	18
The Hill	20171001	4	8	2	21	2	12	7	47		1	33	33		199			3	6		29	4		2		43
CNN	20171001	2		2	14	1	4	12	26			4	1		90	3	2	2	1		3	4	1	7	2	38
Mashable	20171001	1	7		38	1	2	36	17	4	4	2	7	1	4	2		2	2	14	57	10	2	2	3	7
Reuters	20171101	2	5	13	30	2	8	39	168		2	79	974	1	49	4	2	9	102	7	288	29	3	52	1	338
The New York Times	20171101	2	2	5	94	2	4	17	17	9	7	2	16	4	61	3	1	9	31	7	16	8	7	10	2	81
People	20171101		5	11	44	16	2	82	17	8	6	4	6	23	13	6			7	39	1	6	16	13	8	11
CNBC	20171101	2			12	1	5	5	19	1	4	4	107	3	23			4	2	4	73	10	1	5	1	62
Vice	20171101	2	2		54	1	1	23	12	16	2	2	3	1	15	5		6	6	1	18	3	1	19	8	17
The Hill	20171101	2	7	2	11		2	3	34			37	48	1	192	3	3	1	3	1	37	12		3	1	32
CNN	20171101		2	3	16	2	3	17	10			6	7	2	64		3	2	1		8	1		7	1	54
Mashable	20171101		10		40		2	25	16	1	5	2	6	3	4	1		3	1	7	69	11		3	4	7
Reuters	20171101	2	5	13	30	2	8	39	168		2	79	974	1	49	4	2	9	102	7	288	29	3	52	1	338
The New York Times	20171101	2	2	5	94	2	4	17	17	9	7	2	16	4	61	3	1	9	31	7	16	8	7	10	2	81
People	20171101		5	11	44	16	2	82	17	8	6	4	6	23	13	6			7	39	1	6	16	13	8	11
CNBC	20171101	2			12	1	5	5	19	1	4	4	107	3	23			4	2	4	73	10	1	5	1	62
Vice	20171101	2	2		54	1	1	23	12	16	2	2	3	1	15	5		6	6	1	18	3	1	19	8	17
The Hill	20171101	2	7	2	11		2	3	34			37	48	1	192	3	3	1	3	1	37	12		3	1	32
CNN	20171101		2	3	16	2	3	17	10			6	7	2	64		3	2	1		8	1		7	1	54
Mashable	20171101		10		40		2	25	16	1	5	2	6	3	4	1		3	1	7	69	11		3	4	7
Reuters	20171201		3	4	13	1	7	52	133	1	4	81	560	3	35	3	3	7	117	4	231	34	3	35		272
The New York Times	20171201	9	5		105	1	15	19	29	5	8	9	29	2	69		3	8	21	4	14	9	6	15	6	71
People	20171201		1	10	30	13	3	59	12	2	7	2		26	9	2	1	1	1	45		6	14	10	9	5
CNBC	20171201	4	1		7			5	14	2	2	8	105		22			1			42	8	1	8	2	35
Vice	20171201		1		43		2	24	13	11	2		5		13	6	1	4	11	1	12	3		16	3	11
The Hill	20171201	2	5		10		1	5	42			35	42	1	185	1	2	1			27	2		1	1	42
CNN	20171201			7	13	1	1	9	22			2	4	2	62		1		1		2	3		1		28
Mashable	20171201	1	7		28	1		20	17		5	2	2	3	5			3	1	4	30	5	1	3		3
Reuters	20171201		3	4	13	1	7	52	133	1	4	81	560	3	35	3	3	7	117	4	231	34	3	35		272
The New York Times	20171201	9	5		105	1	15	19	29	5	8	9	29	2	69		3	8	21	4	14	9	6	15	6	71
People	20171201		1	10	30	13	3	59	12	2	7	2		26	9	2	1	1	1	45		6	14	10	9	5
CNBC	20171201	4	1		7			5	14	2	2	8	105		22			1			42	8	1	8	2	35
Vice	20171201		1		43		2	24	13	11	2		5		13	6	1	4	11	1	12	3		16	3	11
The Hill	20171201	2	5		10		1	5	42			35	42	1	185	1	2	1			27	2		1	1	42
CNN	20171201			7	13	1	1	9	22			2	4	2	62		1		1		2	3		1		28
Mashable	20171201	1	7		28	1		20	17		5	2	2	3	5			3	1	4	30	5	1	3		3
Reuters	20180101	2	3	4	27		8	57	141	1	2	80	715	1	54	3	3	15	67	6	284	34	2	44	1	284
The New York Times	20180101	2		1	108	2	9	31	30	15	7	7	12	7	68	3	4	5	25	6	15	14	3	17	16	87
People	20180101		1	11	27	14	4	105	14	1	7		3	47	19	5			2	52	3	7	13	18	14	9
CNBC	20180101	1	1		11		3	8	27	2	1	6	112	4	41		2	1	2	1	49	4		10	1	62
Vice	20180101	1			53		2	25	17	12	1	3	4	2	19	4		3	7	3	12	4	1	17	4	10
The Hill	20180101	1	3	1	12		7	10	41			44	33		265	1	1	1	1		28	1		2	3	40
CNN	20180101	1	2		8		4	20	11			11	1	4	80	4	1	4	1	1	2	8	2	7	7	44
Mashable	20180101		4		27	1	1	26	15	2	9	3	4	2	10			4	1	5	44	9	2	3	2	4
Reuters	20180101	2	3	4	27		8	57	141	1	2	80	715	1	54	3	3	15	67	6	284	34	2	44	1	284
The New York Times	20180101	2		1	108	2	9	31	30	15	7	7	12	7	68	3	4	5	25	6	15	14	3	17	16	87
People	20180101		1	11	27	14	4	105	14	1	7		3	47	19	5			2	52	3	7	13	18	14	9
CNBC	20180101	1	1		11		3	8	27	2	1	6	112	4	41		2	1	2	1	49	4		10	1	62
Vice	20180101	1			53		2	25	17	12	1	3	4	2	19	4		3	7	3	12	4	1	17	4	10
The Hill	20180101	1	3	1	12		7	10	41			44	33		265	1	1	1	1		28	1		2	3	40
CNN	20180101	1	2		8		4	20	11			11	1	4	80	4	1	4	1	1	2	8	2	7	7	44
Mashable	20180101		4		27	1	1	26	15	2	9	3	4	2	10			4	1	5	44	9	2	3	2	4
Reuters	20180201	4	6	6	26		11	50	179	2	1	96	815	3	49	3	6	18	83	7	299	35	5	55	6	286
The New York Times	20180201	2	2	2	87	2	18	23	18	7	6	3	30	3	61		3	5	19	17	21	9	3	12	5	87
People	20180201	1	1	14	27	14	7	79	14	2	4		3	27	11	3	1		16	45	1	7	25	18	8	8
CNBC	20180201	1		2	8	2	8	6	15	1	2	5	123		31			2	3	2	50	8		10	6	47
Vice	20180201		2		43	1	5	20	12	11		2	6	2	8	4		3	3	3	17	5	2	12	1	5
The Hill	20180201	2	2	4	12	2	27	7	37			19	39		197	1	1	1			22		1	7	1	26
CNN	20180201	1	1	1	11	2	12	12	11		1	6	3	3	84	4		4		2	4	1	1	9	2	35
Mashable	20180201		8		17		3	22	10	2	4		7	6	3	1		2	4	13	31	1	1	2	2	8
Reuters	20180201	4	6	6	26		11	50	179	2	1	96	815	3	49	3	6	18	83	7	299	35	5	55	6	286
The New York Times	20180201	2	2	2	87	2	18	23	18	7	6	3	30	3	61		3	5	19	17	21	9	3	12	5	87
People	20180201	1	1	14	27	14	7	79	14	2	4		3	27	11	3	1		16	45	1	7	25	18	8	8
CNBC	20180201	1		2	8	2	8	6	15	1	2	5	123		31			2	3	2	50	8		10	6	47
Vice	20180201		2		43	1	5	20	12	11		2	6	2	8	4		3	3	3	17	5	2	12	1	5
The Hill	20180201	2	2	4	12	2	27	7	37			19	39		197	1	1	1			22		1	7	1	26
CNN	20180201	1	1	1	11	2	12	12	11		1	6	3	3	84	4		4		2	4	1	1	9	2	35
Mashable	20180201		8		17		3	22	10	2	4		7	6	3	1		2	4	13	31	1	1	2	2	8
Reuters	20180301	3	4	5	23	3	10	50	204	2	1	120	826	3	69	2	5	8	42	13	338	25	7	38	5	349
The New York Times	20180301	5		3	114	1	22	13	27	6	13	4	11	6	76	1	8	5	22	4	28	11	2	18	5	96
People	20180301	1	1	18	39	16	6	86	13	8	8	2	3	29	11	9			5	37	5	10	14	20	13	3
CNBC	20180301	3			2	2	7	8	25	1	2	3	75		21	1		2	1	3	57	3	1	5	4	69
Vice	20180301		1	1	65		5	22	12	9	1		8	3	12	6		5	6		22	2	1	18	3	5
The Hill	20180301	2	1	3	24	1	26	13	49			23	28		204	3	2	4	1	1	40	1		6	1	56
CNN	20180301		1	3	24	3	15	20	19		1	4	7	2	82	1		4	4	2	7	3	1	4	5	39
Mashable	20180301		2		24	1	1	30	10	1	6	2	5	5	6	3		3		12	51	10	1	4	6	8
Reuters	20180301	3	4	5	23	3	10	50	204	2	1	120	826	3	69	2	5	8	42	13	338	25	7	38	5	349
The New York Times	20180301	5		3	114	1	22	13	27	6	13	4	11	6	76	1	8	5	22	4	28	11	2	18	5	96
People	20180301	1	1	18	39	16	6	86	13	8	8	2	3	29	11	9			5	37	5	10	14	20	13	3
CNBC	20180301	3			2	2	7	8	25	1	2	3	75		21	1		2	1	3	57	3	1	5	4	69
Vice	20180301		1	1	65		5	22	12	9	1		8	3	12	6		5	6		22	2	1	18	3	5
The Hill	20180301	2	1	3	24	1	26	13	49			23	28		204	3	2	4	1	1	40	1		6	1	56
CNN	20180301		1	3	24	3	15	20	19		1	4	7	2	82	1		4	4	2	7	3	1	4	5	39
Mashable	20180301		2		24	1	1	30	10	1	6	2	5	5	6	3		3		12	51	10	1	4	6	8
Reuters	20180401	3	7	10	25	2	10	66	151		7	89	789	2	44	4	3	13	42	7	282	38	7	33	3	330
The New York Times	20180401	2	2	3	103	1	13	26	26	7	10	2	14	3	84	2	6	3	26	5	30	6	6	20	5	74
People	20180401	1	4	16	22	23	4	84	17	7	5	3	1	25	13	5			4	45	2	6	14	13	8	2
CNBC	20180401	3		1	11		4	10	13		1	5	86	1	29			3	6		65	5		4	99	62
Vice	20180401	4			48		5	28	19	5	3	1	11	2	9	5	1	3	5	3	18	5	1	16	3	11
The Hill	20180401			4	17	1	10	1	40			35	26	2	208	2	1	2			31	3		5		46
CNN	20180401	1	1	4	18	2	6	12	22			6	2	3	81	3		4		3	5	1	4	6	1	36
Mashable	20180401	3	4		28		2	14	16	1	5	1	4	2	5	2	1	2	1	5	55	2	2	3	2	3
Reuters	20180401	3	7	10	25	2	10	66	151		7	89	789	2	44	4	3	13	42	7	282	38	7	33	3	330
The New York Times	20180401	2	2	3	103	1	13	26	26	7	10	2	14	3	84	2	6	3	26	5	30	6	6	20	5	74
People	20180401	1	4	16	22	23	4	84	17	7	5	3	1	25	13	5			4	45	2	6	14	13	8	2
CNBC	20180401	3		1	11		4	10	13		1	5	86	1	29			3	6		65	5		4	99	62
Vice	20180401	4			48		5	28	19	5	3	1	11	2	9	5	1	3	5	3	18	5	1	16	3	11
The Hill	20180401			4	17	1	10	1	40			35	26	2	208	2	1	2			31	3		5		46
CNN	20180401	1	1	4	18	2	6	12	22			6	2	3	81	3		4		3	5	1	4	6	1	36
Mashable	20180401	3	4		28		2	14	16	1	5	1	4	2	5	2	1	2	1	5	55	2	2	3	2	3
Reuters	20180501	3	2	4	20	5	8	43	247			35	672	3	36	3	3	13	61	8	193	32	10	37	2	361
The New York Times	20180501	5	1	6	129	2	18	38	27	5	8	3	20	2	74	1	6	5	28	6	31	10	10	14	11	89
People	20180501		2	14	29	19	7	81	17	5	6	3	3	29	16	2			4	38	2	8	43	17	8	9
CNBC	20180501	3			7		3	7	21	1	2	6	104	2	24		1	4	3	3	70	11	2	2	3	66
Vice	20180501	1	2	2	60		3	23	7	7	2		7	4	11	3		4	6	5	14	4	2	14	8	10
The Hill	20180501			6	18	1	14	7	31			24	25		172	1	3	1	1		26	2		3	1	55
CNN	20180501	4		2	10	4	3	13	15			4	2	1	65	2	2	3		3	1	3		7		44
Mashable	20180501		6		35		1	17	13	2	2		3	4	8	4		2		7	44	4	7	1	1	6
Reuters	20180501	3	2	4	20	5	8	43	247			35	672	3	36	3	3	13	61	8	193	32	10	37	2	361
The New York Times	20180501	5	1	6	129	2	18	38	27	5	8	3	20	2	74	1	6	5	28	6	31	10	10	14	11	89
People	20180501		2	14	29	19	7	81	17	5	6	3	3	29	16	2			4	38	2	8	43	17	8	9
CNBC	20180501	3			7		3	7	21	1	2	6	104	2	24		1	4	3	3	70	11	2	2	3	66
Vice	20180501	1	2	2	60		3	23	7	7	2		7	4	11	3		4	6	5	14	4	2	14	8	10
The Hill	20180501			6	18	1	14	7	31			24	25		172	1	3	1	1		26	2		3	1	55
CNN	20180501	4		2	10	4	3	13	15			4	2	1	65	2	2	3		3	1	3		7		44
Mashable	20180501		6		35		1	17	13	2	2		3	4	8	4		2		7	44	4	7	1	1	6
Reuters	20180601		1	13	16	2	1	18	158	1		13	364		56	8		8	71	4	64	34	3	22	3	331
The New York Times	20180601	3	1	5	95	1	14	20	25	12	12	4	8	6	74	3	5	8	26	8	22	15	7	13	5	94
People	20180601			11	23	15	2	70	15	3	5	3		39	15	4			4	33	1	3	18	5	8	6
CNBC	20180601			1	12	3	2	3	20	2	2	5	90		34			3	3		50	5		3	2	76
Vice	20180601	1			50	1		24	16	3	2	1	7	2	16	6		5	7	1	20			13	5	8
The Hill	20180601		1	1	16		7	4	39			23	18		232	4	1	3	4		26	4		3	1	46
CNN	20180601	2		3	9	4	6	15	9	1		5	4	3	90	4		6	2		5	1		8	1	55
Mashable	20180601		3		22		1	25	9	3	4		5	4	6	3		2	1	5	56	3	2	3	1	6
Reuters	20180601		1	13	16	2	1	18	158	1		13	364		56	8		8	71	4	64	34	3	22	3	331
The New York Times	20180601	3	1	5	95	1	14	20	25	12	12	4	8	6	74	3	5	8	26	8	22	15	7	13	5	94
People	20180601			11	23	15	2	70	15	3	5	3		39	15	4			4	33	1	3	18	5	8	6
CNBC	20180601			1	12	3	2	3	20	2	2	5	90		34			3	3		50	5		3	2	76
Vice	20180601	1			50	1		24	16	3	2	1	7	2	16	6		5	7	1	20			13	5	8
The Hill	20180601		1	1	16		7	4	39			23	18		232	4	1	3	4		26	4		3	1	46
CNN	20180601	2		3	9	4	6	15	9	1		5	4	3	90	4		6	2		5	1		8	1	55
Mashable	20180601		3		22		1	25	9	3	4		5	4	6	3		2	1	5	56	3	2	3	1	6
Reuters	20180701		4	7	24	3	1	23	148			16	396		63	6	3	7	73	6	78	21	1	14	2	294
The New York Times	20180701	2		2	91	2	3	13	33	8	12	1	16	5	70	3	1	6	13	3	20	14	14	9	6	90
People	20180701		1	9	20	11	1	63	18	1	2		3	25	9	5			4	32	4	7	25	17	3	8
CNBC	20180701	2			6		5	13	19	1	2	4	103	2	30				5	2	49	6		5	2	90
Vice	20180701		1		58	1	3	16	10	1		1	5	5	10	2	1	1	6		15	4	1	9	5	12
The Hill	20180701	1		2	17	3	4	8	44			32	25	1	227	4	2	1	1		25	6		5	1	61
CNN	20180701	1	1		10	3	3	16	20			3	5	1	67			1		1	4	2		10	2	49
Mashable	20180701		6		16		1	19	9	2	2	1	7	2	3	1		4	4	4	39	3	2	3		9
Reuters	20180701		4	7	24	3	1	23	148			16	396		63	6	3	7	73	6	78	21	1	14	2	294
The New York Times	20180701	2		2	91	2	3	13	33	8	12	1	16	5	70	3	1	6	13	3	20	14	14	9	6	90
People	20180701		1	9	20	11	1	63	18	1	2		3	25	9	5			4	32	4	7	25	17	3	8
CNBC	20180701	2			6		5	13	19	1	2	4	103	2	30				5	2	49	6		5	2	90
Vice	20180701		1		58	1	3	16	10	1		1	5	5	10	2	1	1	6		15	4	1	9	5	12
The Hill	20180701	1		2	17	3	4	8	44			32	25	1	227	4	2	1	1		25	6		5	1	61
CNN	20180701	1	1		10	3	3	16	20			3	5	1	67			1		1	4	2		10	2	49
Mashable	20180701		6		16		1	19	9	2	2	1	7	2	3	1		4	4	4	39	3	2	3		9
Reuters	20180801	3	3	3	19		2	12	151		2	18	366		57	5	5	3	65	3	61	28		19		315
The New York Times	20180801	3	2	5	99	3	14	20	34	10	11	5	13	4	70	3	3	4	27	2	12	18	6	11	7	66
People	20180801			9	35	17	1	69	15	1	9		1	32	8	4	1		4	34	2	6	20	9	7	4
CNBC	20180801	1		1	7		4	3	15	1	1	3	94	3	18				4		48	10		4		68
Vice	20180801			1	43	1	2	17	15	5			6	1	10	1	1	3	4	1	12	2	2	12	6	7
The Hill	20180801	2		7	20		9	6	35			33	27		230	4	1	3	8		36	3	1	2	1	48
CNN	20180801	2	2	6	9	1	5	14	19		1	5	4	1	65	3	8	2	1	2	4	4		10	3	48
Mashable	20180801		1		23		4	20	12	1	1	2	7		3	1			1	10	59	4	1	1		6
Reuters	20180801	3	3	3	19		2	12	151		2	18	366		57	5	5	3	65	3	61	28		19		315
The New York Times	20180801	3	2	5	99	3	14	20	34	10	11	5	13	4	70	3	3	4	27	2	12	18	6	11	7	66
People	20180801			9	35	17	1	69	15	1	9		1	32	8	4	1		4	34	2	6	20	9	7	4
CNBC	20180801	1		1	7		4	3	15	1	1	3	94	3	18				4		48	10		4		68
Vice	20180801			1	43	1	2	17	15	5			6	1	10	1	1	3	4	1	12	2	2	12	6	7
The Hill	20180801	2		7	20		9	6	35			33	27		230	4	1	3	8		36	3	1	2	1	48
CNN	20180801	2	2	6	9	1	5	14	19		1	5	4	1	65	3	8	2	1	2	4	4		10	3	48
Mashable	20180801		1		23		4	20	12	1	1	2	7		3	1			1	10	59	4	1	1		6
Reuters	20180901	1		6	24	1	1	21	156			13	347	1	40	4	7	5	81	7	77	23		12	3	288
The New York Times	20180901	3		4	103	2	10	23	27	4	10	2	15	2	71	1	4	2	29	6	22	17	10	11	9	65
People	20180901	1	1	16	33	12	3	96	25	2	6		1	25	15	4	1	1	6	25		3	27	13	8	6
CNBC	20180901	1			10		3	5	21	1		2	76	1	28			1	1	2	55	4		7	2	59
Vice	20180901	1			32		3	19	9	4			2		11	5	1	3	7	2	6	3		7	3	9
The Hill	20180901	2		1	12	1	4	9	48			22	24		193	2	1	1	3	2	23	1		2		34
CNN	20180901	1	2	3	17		6	16	37			6	2	1	63	3		6	3		5	5	1	3	3	37
Mashable	20180901		5		21			16	9	2	1	1	9	2	4	3			1	4	39			2		
Reuters	20180901	1		6	24	1	1	21	156			13	347	1	40	4	7	5	81	7	77	23		12	3	288
The New York Times	20180901	3		4	103	2	10	23	27	4	10	2	15	2	71	1	4	2	29	6	22	17	10	11	9	65
People	20180901	1	1	16	33	12	3	96	25	2	6		1	25	15	4	1	1	6	25		3	27	13	8	6
CNBC	20180901	1			10		3	5	21	1		2	76	1	28			1	1	2	55	4		7	2	59
Vice	20180901	1			32		3	19	9	4			2		11	5	1	3	7	2	6	3		7	3	9
The Hill	20180901	2		1	12	1	4	9	48			22	24		193	2	1	1	3	2	23	1		2		34
CNN	20180901	1	2	3	17		6	16	37			6	2	1	63	3		6	3		5	5	1	3	3	37
Mashable	20180901		5		21			16	9	2	1	1	9	2	4	3			1	4	39			2		
Reuters	20181001	3	2	8	23	4	3	20	169			26	455	1	49	9	6	6	63	4	91	22		21	3	351
The New York Times	20181001	4	1	2	111	4	7	25	28	6	8	4	10	5	88	2	3	13	29	6	16	14	8	16	9	96
People	20181001	2	1	10	34	20	1	85	20	3	4	1	3	26	15	7	2		5	42		6	29	20	9	8
CNBC	20181001	2			8		3	5	14	1		3	106	1	29			2	1		53	5		8	3	71
Vice	20181001				40		1	22	15	5	1		6	1	11	5		5	2	1	13	3	1	12	3	7
The Hill	20181001	3	3	2	21	2		5	28		1	23	21		187	1	4		1		19	4		1		35
CNN	20181001	2	2	2	13	1	4	18	15		1	7	13	2	87	4	5	4	4	2	18	1		11	2	77
Mashable	20181001		3	1	23			16	8	1	7		10	4	2	1	1	2		3	36	1	1	2		2
Reuters	20181001	3	2	8	23	4	3	20	169			26	455	1	49	9	6	6	63	4	91	22		21	3	351
The New York Times	20181001	4	1	2	111	4	7	25	28	6	8	4	10	5	88	2	3	13	29	6	16	14	8	16	9	96
People	20181001	2	1	10	34	20	1	85	20	3	4	1	3	26	15	7	2		5	42		6	29	20	9	8
CNBC	20181001	2			8		3	5	14	1		3	106	1	29			2	1		53	5		8	3	71
Vice	20181001				40		1	22	15	5	1		6	1	11	5		5	2	1	13	3	1	12	3	7
The Hill	20181001	3	3	2	21	2		5	28		1	23	21		187	1	4		1		19	4		1		35
CNN	20181001	2	2	2	13	1	4	18	15		1	7	13	2	87	4	5	4	4	2	18	1		11	2	77
Mashable	20181001		3	1	23			16	8	1	7		10	4	2	1	1	2		3	36	1	1	2		2
Reuters	20181101	2	2	3	20	3	2	10	143	1		20	377	1	48	2		3	79	3	63	24		20	1	352
The New York Times	20181101	2		6	110	1	14	20	33	5	3	6	18	6	90		3	4	28	3	24	13	6	17	2	89
People	20181101		1	8	26	21	3	62	21	2	7	1	1	30	14	2			3	31	3	10	14	12	7	5
CNBC	20181101				8			6	15	1	2		82	1	35		1	1	2		49	7	1	2	1	57
Vice	20181101		3		31	2	1	17	12	4	4	1	6	1	12	1		7	9		14			13	5	9
The Hill	20181101	1	1	2	14		4	7	29			34	17	1	214	4	2	1		1	21	6		4		33
CNN	20181101		2	1	11	2	8	14	21	1	1	8	11	2	87	4	3	3	3	1	13	6		10	2	47
Mashable	20181101		5		22			10	11	2	5		16	1	9			3		2	44	5	1	3	1	1
Reuters	20181101	2	2	3	20	3	2	10	143	1		20	377	1	48	2		3	79	3	63	24		20	1	352
The New York Times	20181101	2		6	110	1	14	20	33	5	3	6	18	6	90		3	4	28	3	24	13	6	17	2	89
People	20181101		1	8	26	21	3	62	21	2	7	1	1	30	14	2			3	31	3	10	14	12	7	5
CNBC	20181101				8			6	15	1	2		82	1	35		1	1	2		49	7	1	2	1	57
Vice	20181101		3		31	2	1	17	12	4	4	1	6	1	12	1		7	9		14			13	5	9
The Hill	20181101	1	1	2	14		4	7	29			34	17	1	214	4	2	1		1	21	6		4		33
CNN	20181101		2	1	11	2	8	14	21	1	1	8	11	2	87	4	3	3	3	1	13	6		10	2	47
Mashable	20181101		5		22			10	11	2	5		16	1	9			3		2	44	5	1	3	1	1
Reuters	20181201	1	5	3	9	2	2	15	120			13	298	2	47	2	1	4	72	2	57	13	1	19		253
The New York Times	20181201	3	1	3	85	1	7	20	25	5	5	4	27	2	72	2	5	9	27	5	16	9	4	14	6	69
People	20181201	1		6	30	10		71	10	1	5	1	1	26	17	3				27	1	6	15	12	7	1
CNBC	20181201	2			3		1	5	18		1		77		28	1		2	2	1	40	8		3	1	55
Vice	20181201			1	21		4	17	12	3	1		4		6	3		6	6	3	15			7	2	4
The Hill	20181201	1	1	5	19		5	8	24		1	16	10	2	159		1	2	2		14		1	3	1	32
CNN	20181201	2	2	3	12	2	2	12	31	1	1	4	6	1	77	1	1	6	1	2	10	3	1	7		42
Mashable	20181201		3		11		2	10	4		3		6	2	4			4	2	5	34	1	2	1	2	3
Reuters	20181201	1	5	3	9	2	2	15	120			13	298	2	47	2	1	4	72	2	57	13	1	19		253
The New York Times	20181201	3	1	3	85	1	7	20	25	5	5	4	27	2	72	2	5	9	27	5	16	9	4	14	6	69
People	20181201	1		6	30	10		71	10	1	5	1	1	26	17	3				27	1	6	15	12	7	1
CNBC	20181201	2			3		1	5	18		1		77		28	1		2	2	1	40	8		3	1	55
Vice	20181201			1	21		4	17	12	3	1		4		6	3		6	6	3	15			7	2	4
The Hill	20181201	1	1	5	19		5	8	24		1	16	10	2	159		1	2	2		14		1	3	1	32
CNN	20181201	2	2	3	12	2	2	12	31	1	1	4	6	1	77	1	1	6	1	2	10	3	1	7		42
Mashable	20181201		3		11		2	10	4		3		6	2	4			4	2	5	34	1	2	1	2	3
Reuters	20190101	2	2	5	18	2	3	20	141			26	383	2	54	4	2	4	69	5	81	18	1	20	1	316
The New York Times	20190101	2	1	4	88	1	11	23	27	7	10	1	14	2	77	2	3	8	36	2	18	14	5	13	7	91
People	20190101		1	19	28	20		96	18	1	5		2	33	14	5	1		5	28	1	3	23	10	8	6
CNBC	20190101	1			3	1	1	6	14		1	1	91	1	31			2	1		51	7		2		65
Vice	20190101		1		35		2	10	10	3	1		5	1	8	3	1	8	2	4	12	3		11	5	8
The Hill	20190101			6	15		3	7	34			26	23		205	3		1	2	1	15	3	2	2	1	32
CNN	20190101	2	1	4	11		6	19	33	1		7	18	3	92		2	1	1	1	15	5		9	3	52
Mashable	20190101		6		22			13	13	1	4	1	4	1	3	1		1		4	39	2		6	1	2
Reuters	20190101	2	2	5	18	2	3	20	141			26	383	2	54	4	2	4	69	5	81	18	1	20	1	316
The New York Times	20190101	2	1	4	88	1	11	23	27	7	10	1	14	2	77	2	3	8	36	2	18	14	5	13	7	91
People	20190101		1	19	28	20		96	18	1	5		2	33	14	5	1		5	28	1	3	23	10	8	6
CNBC	20190101	1			3	1	1	6	14		1	1	91	1	31			2	1		51	7		2		65
Vice	20190101		1		35		2	10	10	3	1		5	1	8	3	1	8	2	4	12	3		11	5	8
The Hill	20190101			6	15		3	7	34			26	23		205	3		1	2	1	15	3	2	2	1	32
CNN	20190101	2	1	4	11		6	19	33	1		7	18	3	92		2	1	1	1	15	5		9	3	52
Mashable	20190101		6		22			13	13	1	4	1	4	1	3	1		1		4	39	2		6	1	2
Reuters	20190201	1	1	2	20	4	7	19	164			11	380	1	62	4	7	1	56	2	50	20	1	15		270
The New York Times	20190201	5	1	1	109	1	12	14	20	4	4	4	18	4	77	2	3	4	24	6	14	11	5	9	4	80
People	20190201		1	16	40	19	5	99	14	3	3	1	2	14	7	3		1	4	38	2	5	21	9	6	1
CNBC	20190201		3	1	7		2	18	41		1	36	173		20			3	4	5	80	7		4	3	82
Vice	20190201		1		28	1		19	11	1			5	1	6	4		3	2		13			10	3	6
The Hill	20190201	2	3	2	23	2	4	8	31		1	29	27		201	2	1		4	1	17			2	1	37
CNN	20190201	4	3	3	12	3		19	17		2	6	7	2	61	5	5	3	4	2	12	1	1	2	3	43
Mashable	20190201		4		17			19	8		6		6	2	9			2	3	8	54			2		4
Reuters	20190201	1	1	2	20	4	7	19	164			11	380	1	62	4	7	1	56	2	50	20	1	15		270
The New York Times	20190201	5	1	1	109	1	12	14	20	4	4	4	18	4	77	2	3	4	24	6	14	11	5	9	4	80
People	20190201		1	16	40	19	5	99	14	3	3	1	2	14	7	3		1	4	38	2	5	21	9	6	1
CNBC	20190201		3	1	7		2	18	41		1	36	173		20			3	4	5	80	7		4	3	82
Vice	20190201		1		28	1		19	11	1			5	1	6	4		3	2		13			10	3	6
The Hill	20190201	2	3	2	23	2	4	8	31		1	29	27		201	2	1		4	1	17			2	1	37
CNN	20190201	4	3	3	12	3		19	17		2	6	7	2	61	5	5	3	4	2	12	1	1	2	3	43
Mashable	20190201		4		17			19	8		6		6	2	9			2	3	8	54			2		4
Reuters	20190301	2	8	6	22	4	1	21	160			18	455		70	3	5	2	77	3	92	70	1	19		306
The New York Times	20190301	6	1	5	109	1	20	29	25	6	10	2	13	8	90	4	6	3	33	6	23	12	5	19	7	107
People	20190301		2	14	28	19	8	96	16	3	4	2	5	20	11	4		1	5	24	9	8	26	19	5	8
CNBC	20190301	3		4	6		3	9	61	1	3	28	225		29	1		3	8	3	69	49		11	3	119
Vice	20190301		1		25		2	13	7	2	1		3		7	1	2	4	1		16	2	1	7	4	11
The Hill	20190301	5	5	3	11		13	6	33			20	34		204	2	1	3	5		29	7		2		42
CNN	20190301	4	1	4	8		5	16	17			7	11	5	64	3	4	5	3	1	19	8		9	3	48
Mashable	20190301		3	2	22		3	20	10	1	5		4	4	2			2	2	5	63	5		3		9
Reuters	20190301	2	8	6	22	4	1	21	160			18	455		70	3	5	2	77	3	92	70	1	19		306
The New York Times	20190301	6	1	5	109	1	20	29	25	6	10	2	13	8	90	4	6	3	33	6	23	12	5	19	7	107
People	20190301		2	14	28	19	8	96	16	3	4	2	5	20	11	4		1	5	24	9	8	26	19	5	8
CNBC	20190301	3		4	6		3	9	61	1	3	28	225		29	1		3	8	3	69	49		11	3	119
Vice	20190301		1		25		2	13	7	2	1		3		7	1	2	4	1		16	2	1	7	4	11
The Hill	20190301	5	5	3	11		13	6	33			20	34		204	2	1	3	5		29	7		2		42
CNN	20190301	4	1	4	8		5	16	17			7	11	5	64	3	4	5	3	1	19	8		9	3	48
Mashable	20190301		3	2	22		3	20	10	1	5		4	4	2			2	2	5	63	5		3		9
Reuters	20190401	1	3	5	23		2	10	167	1		18	396	1	58	3	2	4	72	2	63	34	2	16	2	309
The New York Times	20190401	4	1	4	98	1	13	28	31	7	12	6	13	7	92	1	2	10	29	4	24	9	5	16	8	94
People	20190401	1	3	21	33	16	4	93	15	2	3		1	31	15	1	2	3	7	25	6	8	8	18	8	12
CNBC	20190401	4	3	1	15	2	4	14	74	1	2	21	223	1	26	1		6	3		103	28		9	2	92
Vice	20190401		1		27		1	14	10	4			5	2	7	2			2	2	18	1		9	5	7
The Hill	20190401	2	1	1	16	1	10	5	41			37	40	1	257	3	1	2	1	1	30	5		9		34
CNN	20190401	4	2	11	15	2	9	27	29			3	9	6	89	2	6	6	2	3	20	5		5	4	41
Mashable	20190401		3		27		2	19	9	2	7	1	14	2	5		1	1	1	1	69	1		1	1	4
Reuters	20190401	1	3	5	23		2	10	167	1		18	396	1	58	3	2	4	72	2	63	34	2	16	2	309
The New York Times	20190401	4	1	4	98	1	13	28	31	7	12	6	13	7	92	1	2	10	29	4	24	9	5	16	8	94
People	20190401	1	3	21	33	16	4	93	15	2	3		1	31	15	1	2	3	7	25	6	8	8	18	8	12
CNBC	20190401	4	3	1	15	2	4	14	74	1	2	21	223	1	26	1		6	3		103	28		9	2	92
Vice	20190401		1		27		1	14	10	4			5	2	7	2			2	2	18	1		9	5	7
The Hill	20190401	2	1	1	16	1	10	5	41			37	40	1	257	3	1	2	1	1	30	5		9		34
CNN	20190401	4	2	11	15	2	9	27	29			3	9	6	89	2	6	6	2	3	20	5		5	4	41
Mashable	20190401		3		27		2	19	9	2	7	1	14	2	5		1	1	1	1	69	1		1	1	4
Reuters	20190501	1	1	4	24	1	2	16	173			10	396	1	74	5	3	4	66	3	62	26		13	2	330
The New York Times	20190501	3	1		106	1	17	27	36	11	11	2	15	6	84	2	9	8	19	5	17	17	11	13	2	98
People	20190501	6	3	25	27	15	4	105	26	3	8	1	1	36	9	5	1	1	7	48	3	3	18	13	12	8
CNBC	20190501	5	2	1	9		4	18	71	3	1	40	210		31			2	4	4	87	22		9	3	134
Vice	20190501				20		3	17	5	3			7	1	10	3		5	1	1	12	3		10	2	8
The Hill	20190501	6	2	3	25		17	3	45			24	33	1	246	6	1	4			37	12		11		52
CNN	20190501	3	1	3	13	2	8	27	36	1	1	7	12	5	78	1	2	4	2	3	29	7	1	6	1	44
Mashable	20190501	1	2		17		3	20	12	1	6		10	1	3	1		3		5	69	5		4	1	6
Reuters	20190501	1	1	4	24	1	2	16	173			10	396	1	74	5	3	4	66	3	62	26		13	2	330
The New York Times	20190501	3	1		106	1	17	27	36	11	11	2	15	6	84	2	9	8	19	5	17	17	11	13	2	98
People	20190501	6	3	25	27	15	4	105	26	3	8	1	1	36	9	5	1	1	7	48	3	3	18	13	12	8
CNBC	20190501	5	2	1	9		4	18	71	3	1	40	210		31			2	4	4	87	22		9	3	134
Vice	20190501				20		3	17	5	3			7	1	10	3		5	1	1	12	3		10	2	8
The Hill	20190501	6	2	3	25		17	3	45			24	33	1	246	6	1	4			37	12		11		52
CNN	20190501	3	1	3	13	2	8	27	36	1	1	7	12	5	78	1	2	4	2	3	29	7	1	6	1	44
Mashable	20190501	1	2		17		3	20	12	1	6		10	1	3	1		3		5	69	5		4	1	6
Reuters	20190601	2	1	13	33	2	2	21	306		1	28	613	2	88	19	1	3	107	5	133	53		29	6	551
The New York Times	20190601	5	2	10	114	2	6	20	29	8	11	2	15	5	90	12	3	6	24	8	15	10	8	11	4	82
People	20190601	2	1	14	32	12	9	92	17	3	5		1	35	12	6	3	1	6	36	4	6	26	10	1	4
CNBC	20190601	1	3	1	6		3	6	84	1	2	64	215		28	1		3	6	2	100	31		3		153
Vice	20190601				22		1	16	8	5			8	2	9	2	1		1	1	15	2		6		7
The Hill	20190601	1	1	3	21		6	2	51		1	24	35		224	19	3	1		1	28	3	1	5		58
CNN	20190601	4	1	7	30	1	2	25	40	1		5	12	4	77	13	3	8	1	4	16	3	2	9	1	50
Mashable	20190601		1		17			16	13	1	5		8	2	3	5				7	55	1	1	4	1	2
Reuters	20190601	2	1	13	33	2	2	21	306		1	28	613	2	88	19	1	3	107	5	133	53		29	6	551
The New York Times	20190601	5	2	10	114	2	6	20	29	8	11	2	15	5	90	12	3	6	24	8	15	10	8	11	4	82
People	20190601	2	1	14	32	12	9	92	17	3	5		1	35	12	6	3	1	6	36	4	6	26	10	1	4
CNBC	20190601	1	3	1	6		3	6	84	1	2	64	215		28	1		3	6	2	100	31		3		153
Vice	20190601				22		1	16	8	5			8	2	9	2	1		1	1	15	2		6		7
The Hill	20190601	1	1	3	21		6	2	51		1	24	35		224	19	3	1		1	28	3	1	5		58
CNN	20190601	4	1	7	30	1	2	25	40	1		5	12	4	77	13	3	8	1	4	16	3	2	9	1	50
Mashable	20190601		1		17			16	13	1	5		8	2	3	5				7	55	1	1	4	1	2
Reuters	20190701	1	2	10	46	1	2	27	308	2	3	18	821	2	84	13	3	10	108	3	92	45	3	33	3	509
The New York Times	20190701				2		1	1		2					11	1	1	1	3	1	1	1			1	6
People	20190701	1	4	11	36	11	5	70	18	6	7		2	32	8	7	1	1	11	41	7	4	21	7	7	7
CNBC	20190701	2	2	3	8		4	12	67	2	2	38	271	1	25	1		4	5	2	89	11		11		140
Vice	20190701				25		1	14	14	4	1	1	4		10	5		2			13	1		2		9
The Hill	20190701	4	1	3	17	1	9	8	32			17	34	1	266	1	1	4	5		23	7		2	1	44
CNN	20190701	2	1	8	18		2	21	42	1	1	7	11	4	88	3	2	6	4	3	19	7	5	9	2	44
Mashable	20190701		4		22			12	13		7		12	1	6			1		5	58	4		3	1	6
Reuters	20190701	1	2	10	46	1	2	27	308	2	3	18	821	2	84	13	3	10	108	3	92	45	3	33	3	509
The New York Times	20190701				2		1	1		2					11	1	1	1	3	1	1	1			1	6
People	20190701	1	4	11	36	11	5	70	18	6	7		2	32	8	7	1	1	11	41	7	4	21	7	7	7
CNBC	20190701	2	2	3	8		4	12	67	2	2	38	271	1	25	1		4	5	2	89	11		11		140
Vice	20190701				25		1	14	14	4	1	1	4		10	5		2			13	1		2		9
The Hill	20190701	4	1	3	17	1	9	8	32			17	34	1	266	1	1	4	5		23	7		2	1	44
CNN	20190701	2	1	8	18		2	21	42	1	1	7	11	4	88	3	2	6	4	3	19	7	5	9	2	44
Mashable	20190701		4		22			12	13		7		12	1	6			1		5	58	4		3	1	6
Reuters	20190801	1		13	34	1	3	26	309		1	9	667	3	59	8	1	6	141	4	96	38	2	31	2	449
People	20190801	1	6	19	27	15	1	84	31	4	4	2	2	15	13	2			6	35	4	12	40	10	2	7
CNBC	20190801		6	5	13	1	2	16	62	1	1	32	224	2	22	1		4	1	2	66	14	1	8	1	127
Vice	20190801	1	1	2	24	2	1	17	5	2	3	1	4		11	1	1	3	2		9		1	8	2	14
The Hill	20190801	1		8	24	1	8	4	37		2	20	24		176	1	1	3			28	4		8	1	64
CNN	20190801	2	2	6	13	2	3	27	29	1	2	3	10	1	65	2		8	5	3	13	6	2	11	1	57
Mashable	20190801		5		18		2	22	6	2	6		10	2	6	1				3	56	4	2	4	1	3
Reuters	20190801	1		13	34	1	3	26	309		1	9	667	3	59	8	1	6	141	4	96	38	2	31	2	449
People	20190801	1	6	19	27	15	1	84	31	4	4	2	2	15	13	2			6	35	4	12	40	10	2	7
CNBC	20190801		6	5	13	1	2	16	62	1	1	32	224	2	22	1		4	1	2	66	14	1	8	1	127
Vice	20190801	1	1	2	24	2	1	17	5	2	3	1	4		11	1	1	3	2		9		1	8	2	14
The Hill	20190801	1		8	24	1	8	4	37		2	20	24		176	1	1	3			28	4		8	1	64
CNN	20190801	2	2	6	13	2	3	27	29	1	2	3	10	1	65	2		8	5	3	13	6	2	11	1	57
Mashable	20190801		5		18		2	22	6	2	6		10	2	6	1				3	56	4	2	4	1	3
Reuters	20190901		2	7	26	2	1	12	281			13	542	5	68	4	2	7	119	10	72	37		34		412
The New York Times	20190901														1											
People	20190901		3	14	19	13	4	63	19	2	5		1	16	5	4	2		3	29	6	7	18	12	8	7
CNBC	20190901	2	1	1	4	1	3	6	51		1	41	126	1	17	1			6	1	64	6		4	1	75
Vice	20190901	3			10	1	2	3	8	2				2	10			3	1	1	8	1		8	1	8
The Hill	20190901	2	2	3	10	1	6	1	28			14	9		134	1	1		1		15	5		5		30
CNN	20190901			1	5		1	2	2			1		1	7											3
Mashable	20190901		4		14			10	4	1	3		2	1	4	1				2	49	1		2		4
Reuters	20190901		2	7	26	2	1	12	281			13	542	5	68	4	2	7	119	10	72	37		34		412
The New York Times	20190901														1											
People	20190901		3	14	19	13	4	63	19	2	5		1	16	5	4	2		3	29	6	7	18	12	8	7
CNBC	20190901	2	1	1	4	1	3	6	51		1	41	126	1	17	1			6	1	64	6		4	1	75
Vice	20190901	3			10	1	2	3	8	2				2	10			3	1	1	8	1		8	1	8
The Hill	20190901	2	2	3	10	1	6	1	28			14	9		134	1	1		1		15	5		5		30
CNN	20190901			1	5		1	2	2			1		1	7											3
Mashable	20190901		4		14			10	4	1	3		2	1	4	1				2	49	1		2		4
Reuters	20191001	1	1	4	5		1	1	55			7	139	1	16	3	1		20	2	27	9		8		107
People	20191001	1		4	6	4	3	18	5		2			6		2				6	4	4	10	1	1	1
Vice	20191001			1	2			2	2						3						4			3	1	1
Mashable	20191001		1																	1						
Reuters	20191001	1	1	4	5		1	1	55			7	139	1	16	3	1		20	2	27	9		8		107
People	20191001	1		4	6	4	3	18	5		2			6		2				6	4	4	10	1	1	1
Vice	20191001			1	2			2	2						3						4			3	1	1
Mashable	20191001		1																	1						
CNN	20191201														1											
CNN	20191201														1											
